﻿<?xml version="1.0" encoding="utf-8"?>
<Elements xmlns="http://schemas.microsoft.com/sharepoint/">
  <Module Name="Files"  Url="Lists/Scripts">
    <File Path="Files\ASD_CustomUI.js" Url="ASD_CustomUI.js" />    
    <File Path="Files\jquery-1.11.1.min.js" Url="jquery-1.11.1.min.js" />
    <File Path="Files\CustomForm.html" Url="CustomForm.html" />
    <File Path="Files\asd.css" Url="asd.css" />
    <File Path="Files\ASD_CustomValidation.js" Url="ASD_CustomValidation.js" />
    <File Path="Files\ASD_Constant.js" Url="ASD_Constant.js" />
    <File Path="Files\ASD_Authorization.js" Url="ASD_Authorization.js" />
    <File Path="Files\ASD_Object.js" Url="ASD_Object.js" />
  </Module>
</Elements>