﻿<?xml version="1.0" encoding="utf-8"?>
<Feature xmlns="http://schemas.microsoft.com/sharepoint/" Id="36943116-5c2e-4f6b-9c17-d034c2a59846" Scope="Web" Title="ASD">
  <ElementManifests>
    <ElementManifest Location="ScriptsInstance\Elements.xml" />
    <ElementManifest Location="Scripts\Elements.xml" />
    <ElementFile Location="Scripts\Schema.xml" />
    <ElementFile Location="Scripts\EditDlg.htm" />
    <ElementFile Location="Scripts\FileDlg.htm" />
    <ElementFile Location="Scripts\Repair.aspx" />
    <ElementFile Location="Scripts\Upload.aspx" />
    <ElementManifest Location="Files\Elements.xml" />
    <ElementFile Location="Files\ASD_CustomUI.js" />
    <ElementFile Location="Files\jquery-1.11.1.min.js" />
    <ElementFile Location="Files\CustomForm.html" />
    <ElementFile Location="Files\asd.css" />
    <ElementFile Location="Files\ASD_CustomValidation.js" />
    <ElementFile Location="Files\ASD_Constant.js" />
    <ElementFile Location="Files\ASD_Authorization.js" />
    <ElementFile Location="Files\ASD_Object.js" />
  </ElementManifests>
</Feature>
